/*
 Navicat Premium Data Transfer

 Source Server         : 本地
 Source Server Type    : MySQL
 Source Server Version : 80012
 Source Host           : localhost:3306
 Source Schema         : basetp6

 Target Server Type    : MySQL
 Target Server Version : 80012
 File Encoding         : 65001

 Date: 14/12/2019 16:40:33
*/

SET NAMES utf8mb4;
SET FOREIGN_KEY_CHECKS = 0;

-- ----------------------------
-- Table structure for pre_admin
-- ----------------------------
DROP TABLE IF EXISTS `pre_admin`;
CREATE TABLE `pre_admin`  (
  `id` int(11) UNSIGNED NOT NULL AUTO_INCREMENT COMMENT '管理员ID',
  `username` varchar(50) CHARACTER SET utf8 COLLATE utf8_general_ci NOT NULL DEFAULT '' COMMENT '管理员用户名',
  `password` varchar(32) CHARACTER SET utf8 COLLATE utf8_general_ci NOT NULL DEFAULT '' COMMENT '管理员密码',
  `password_reset_token` varchar(255) CHARACTER SET utf8 COLLATE utf8_general_ci NOT NULL DEFAULT '',
  `fullname` varchar(50) CHARACTER SET utf8 COLLATE utf8_general_ci NOT NULL DEFAULT '' COMMENT '姓名',
  `phone` varchar(20) CHARACTER SET utf8 COLLATE utf8_general_ci NOT NULL DEFAULT '' COMMENT '手机号',
  `access_token` varchar(32) CHARACTER SET utf8 COLLATE utf8_general_ci NOT NULL DEFAULT '' COMMENT 'token',
  `email` varchar(255) CHARACTER SET utf8 COLLATE utf8_general_ci NOT NULL DEFAULT '' COMMENT '邮箱',
  `sex` tinyint(10) NOT NULL COMMENT '性别 1：男  2：女',
  `file_name` varchar(255) CHARACTER SET utf8 COLLATE utf8_general_ci NOT NULL DEFAULT '' COMMENT '文件名',
  `pic` varchar(64) CHARACTER SET utf8 COLLATE utf8_general_ci NOT NULL DEFAULT '' COMMENT '文件名路径',
  `province` int(11) NOT NULL DEFAULT 0 COMMENT '省',
  `city` int(11) NOT NULL DEFAULT 0 COMMENT '市',
  `county` int(11) NOT NULL DEFAULT 0 COMMENT '县',
  `town` int(11) NOT NULL DEFAULT 0 COMMENT '乡',
  `login_times` int(10) UNSIGNED NOT NULL DEFAULT 0 COMMENT '登陆次数',
  `login_ip` varchar(20) CHARACTER SET utf8 COLLATE utf8_general_ci NOT NULL DEFAULT '' COMMENT 'IP地址',
  `login_time` varchar(20) CHARACTER SET utf8 COLLATE utf8_general_ci NOT NULL DEFAULT '0' COMMENT '登陆时间',
  `last_login_ip` varchar(255) CHARACTER SET utf8 COLLATE utf8_general_ci NOT NULL DEFAULT '' COMMENT '上次登陆ip',
  `last_login_time` varchar(20) CHARACTER SET utf8 COLLATE utf8_general_ci NOT NULL COMMENT '上次登陆时间',
  `user_agent` varchar(500) CHARACTER SET utf8 COLLATE utf8_general_ci NOT NULL DEFAULT '' COMMENT 'user_agent',
  `is_admin` tinyint(1) NOT NULL DEFAULT 0 COMMENT '是否管理员',
  `status` tinyint(1) NOT NULL DEFAULT 1 COMMENT '1可用0禁用',
  `remarks` longtext CHARACTER SET utf8 COLLATE utf8_general_ci NULL COMMENT '备注',
  `add_user` varchar(255) CHARACTER SET utf8 COLLATE utf8_general_ci NOT NULL DEFAULT '' COMMENT '操作员',
  `update_time` varchar(20) CHARACTER SET utf8 COLLATE utf8_general_ci NOT NULL DEFAULT '0' COMMENT '更新时间',
  `create_time` varchar(20) CHARACTER SET utf8 COLLATE utf8_general_ci NOT NULL DEFAULT '0' COMMENT '创建时间',
  PRIMARY KEY (`id`) USING BTREE
) ENGINE = InnoDB AUTO_INCREMENT = 9 CHARACTER SET = utf8 COLLATE = utf8_general_ci COMMENT = '用户表' ROW_FORMAT = Dynamic;

-- ----------------------------
-- Records of pre_admin
-- ----------------------------
INSERT INTO `pre_admin` VALUES (1, 'admin', 'fd1663ffd1bdeccb9d2acc879573e7ee', '07fd5b51e3fbc75937dea94f09fe14c0', '超级管理员', '18052635454', '', '44655@qq.com', 1, '', '/uploads/images/20191112\\ef70d83335d022f1782202f08f9a427c.png', 120000, 120100, 120102, 0, 5, '127.0.0.1', '2019-12-14 10:35:55', '127.0.0.1', '2019-12-14 10:34:24', 'Mozilla/5.0 (Windows NT 10.0; Win64; x64) AppleWebKit/537.36 (KHTML, like Gecko) Chrome/79.0.3945.79 Safari/537.36', 1, 1, '<p style=\"text-indent: 2em;\">好好说分手的监控房价多少积分</p>\n<p><img src=\"../../uploads/images/20191207\\560a46f9559613ae190014cf8e490836.png\" alt=\"\" width=\"322\" height=\"337\" /></p>', '1', '1576290955', '2019-11-10 10:17:23');
INSERT INTO `pre_admin` VALUES (3, 'test', '66ba25bf6f517b5698f4d9587925d0f6', 'd0dcc822966d265ebd9c30a9e1401e67', '123', '18325625632', '', '14525@qq.com', 2, '', '/uploads/images/20191204\\47d1c8620d51b067e7ebe4ac5b844139.png', 210000, 210100, 210102, 0, 0, '', '0', '', '2019-12-12 09:40:26', '', 1, 1, '', 'admin', '1576231388', '2019-12-04 15:19:58');

-- ----------------------------
-- Table structure for pre_admin_log
-- ----------------------------
DROP TABLE IF EXISTS `pre_admin_log`;
CREATE TABLE `pre_admin_log`  (
  `id` int(11) UNSIGNED NOT NULL AUTO_INCREMENT,
  `admin_id` smallint(5) UNSIGNED NOT NULL DEFAULT 0 COMMENT '管理员id',
  `username` varchar(32) CHARACTER SET utf8 COLLATE utf8_general_ci NOT NULL DEFAULT '' COMMENT '管理员用户名',
  `useragent` varchar(255) CHARACTER SET utf8 COLLATE utf8_general_ci NOT NULL DEFAULT '' COMMENT 'User-Agent',
  `ip` varchar(16) CHARACTER SET utf8 COLLATE utf8_general_ci NOT NULL DEFAULT '' COMMENT 'ip地址',
  `url` varchar(255) CHARACTER SET utf8 COLLATE utf8_general_ci NOT NULL DEFAULT '' COMMENT '请求链接',
  `method` varchar(32) CHARACTER SET utf8 COLLATE utf8_general_ci NOT NULL DEFAULT '' COMMENT '请求类型',
  `type` varchar(32) CHARACTER SET utf8 COLLATE utf8_general_ci NOT NULL DEFAULT '' COMMENT '资源类型',
  `param` text CHARACTER SET utf8 COLLATE utf8_general_ci NOT NULL COMMENT '请求参数',
  `remark` varchar(255) CHARACTER SET utf8 COLLATE utf8_general_ci NOT NULL DEFAULT '' COMMENT '日志备注',
  `create_time` int(10) UNSIGNED NOT NULL DEFAULT 0 COMMENT '创建时间',
  PRIMARY KEY (`id`) USING BTREE
) ENGINE = InnoDB AUTO_INCREMENT = 815 CHARACTER SET = utf8 COLLATE = utf8_general_ci COMMENT = '管理员日志' ROW_FORMAT = Dynamic;

-- ----------------------------
-- Records of pre_admin_log
-- ----------------------------
INSERT INTO `pre_admin_log` VALUES (751, 1, 'admin', 'Mozilla/5.0 (Windows NT 10.0; Win64; x64) AppleWebKit/537.36 (KHTML, like Gecko) Chrome/78.0.3904.87 Safari/537.36', '127.0.0.1', 'http://www.basetp6.com/admin/login/index.html', 'POST', 'html', '{\"\\/admin\\/login\\/index_html\":\"\",\"username\":\"admin\",\"password\":\"123456\",\"vercode\":\"5csx\"}', '登录成功', 1576046065);
INSERT INTO `pre_admin_log` VALUES (752, 1, 'admin', 'Mozilla/5.0 (Windows NT 10.0; Win64; x64) AppleWebKit/537.36 (KHTML, like Gecko) Chrome/78.0.3904.87 Safari/537.36', '127.0.0.1', 'http://www.basetp6.com/admin/Admin/state.html', 'POST', 'html', '{\"\\/admin\\/Admin\\/state_html\":\"\",\"id\":\"3\"}', '修改状态成功！', 1576046365);
INSERT INTO `pre_admin_log` VALUES (753, 1, 'admin', 'Mozilla/5.0 (Windows NT 10.0; Win64; x64) AppleWebKit/537.36 (KHTML, like Gecko) Chrome/78.0.3904.87 Safari/537.36', '127.0.0.1', 'http://www.basetp6.com/admin/Admin/state.html', 'POST', 'html', '{\"\\/admin\\/Admin\\/state_html\":\"\",\"id\":\"3\"}', '修改状态成功！', 1576046379);
INSERT INTO `pre_admin_log` VALUES (754, 1, 'admin', 'Mozilla/5.0 (Windows NT 10.0; Win64; x64) AppleWebKit/537.36 (KHTML, like Gecko) Chrome/78.0.3904.87 Safari/537.36', '127.0.0.1', 'http://www.basetp6.com/admin/Admin/state.html', 'POST', 'html', '{\"\\/admin\\/Admin\\/state_html\":\"\",\"id\":\"1\"}', '修改状态成功！', 1576046384);
INSERT INTO `pre_admin_log` VALUES (755, 1, 'admin', 'Mozilla/5.0 (Windows NT 10.0; Win64; x64) AppleWebKit/537.36 (KHTML, like Gecko) Chrome/78.0.3904.87 Safari/537.36', '127.0.0.1', 'http://www.basetp6.com/admin/Admin/state.html', 'POST', 'html', '{\"\\/admin\\/Admin\\/state_html\":\"\",\"id\":\"1\"}', '修改状态成功！', 1576046386);
INSERT INTO `pre_admin_log` VALUES (756, 1, 'admin', 'Mozilla/5.0 (Windows NT 10.0; Win64; x64) AppleWebKit/537.36 (KHTML, like Gecko) Chrome/78.0.3904.87 Safari/537.36', '127.0.0.1', 'http://www.basetp6.com/admin/Admin/checkAdmin.html', 'POST', 'html', '{\"\\/admin\\/Admin\\/checkAdmin_html\":\"\",\"id\":\"3\"}', '修改管理员状态成功！', 1576046439);
INSERT INTO `pre_admin_log` VALUES (757, 1, 'admin', 'Mozilla/5.0 (Windows NT 10.0; Win64; x64) AppleWebKit/537.36 (KHTML, like Gecko) Chrome/78.0.3904.87 Safari/537.36', '127.0.0.1', 'http://www.basetp6.com/admin/Admin/checkAdmin.html', 'POST', 'html', '{\"\\/admin\\/Admin\\/checkAdmin_html\":\"\",\"id\":\"3\"}', '修改管理员状态成功！', 1576046443);
INSERT INTO `pre_admin_log` VALUES (758, 1, 'admin', 'Mozilla/5.0 (Windows NT 10.0; Win64; x64) AppleWebKit/537.36 (KHTML, like Gecko) Chrome/78.0.3904.87 Safari/537.36', '127.0.0.1', 'http://www.basetp6.com/admin/Admin/state.html', 'POST', 'html', '{\"\\/admin\\/Admin\\/state_html\":\"\",\"id\":\"3\"}', '修改状态成功！', 1576050377);
INSERT INTO `pre_admin_log` VALUES (759, 1, 'admin', 'Mozilla/5.0 (Windows NT 10.0; Win64; x64) AppleWebKit/537.36 (KHTML, like Gecko) Chrome/78.0.3904.87 Safari/537.36', '127.0.0.1', 'http://www.basetp6.com/admin/Admin/state.html', 'POST', 'html', '{\"\\/admin\\/Admin\\/state_html\":\"\",\"id\":\"3\"}', '修改状态成功！', 1576050380);
INSERT INTO `pre_admin_log` VALUES (760, 1, 'admin', 'Mozilla/5.0 (Windows NT 10.0; Win64; x64) AppleWebKit/537.36 (KHTML, like Gecko) Chrome/78.0.3904.87 Safari/537.36', '127.0.0.1', 'http://www.basetp6.com/admin/Admin/checkAdmin.html', 'POST', 'html', '{\"\\/admin\\/Admin\\/checkAdmin_html\":\"\",\"id\":\"3\"}', '修改管理员状态成功！', 1576050383);
INSERT INTO `pre_admin_log` VALUES (761, 1, 'admin', 'Mozilla/5.0 (Windows NT 10.0; Win64; x64) AppleWebKit/537.36 (KHTML, like Gecko) Chrome/78.0.3904.87 Safari/537.36', '127.0.0.1', 'http://www.basetp6.com/admin/Admin/checkAdmin.html', 'POST', 'html', '{\"\\/admin\\/Admin\\/checkAdmin_html\":\"\",\"id\":\"3\"}', '修改管理员状态成功！', 1576050385);
INSERT INTO `pre_admin_log` VALUES (762, 1, 'admin', 'Mozilla/5.0 (Windows NT 10.0; Win64; x64) AppleWebKit/537.36 (KHTML, like Gecko) Chrome/78.0.3904.87 Safari/537.36', '127.0.0.1', 'http://www.basetp6.com/admin/admin/form.html', 'POST', 'html', '{\"\\/admin\\/admin\\/form_html\":\"\",\"username\":\"2342\",\"password\":\"8fb4694dbd90f168db65e9cabbce3083\",\"fullname\":\"123\",\"sex\":\"2\",\"file\":\"\",\"pic\":\"\\/uploads\\/images\\/20191204\\\\47d1c8620d51b067e7ebe4ac5b844139.png\",\"file_name\":\"\",\"province\":\"210000\",\"city\":\"210100\",\"county\":\"210102\",\"phone\":\"18325625632\",\"email\":\"14525@qq.com\",\"group_id\":\"1\",\"status\":\"1\",\"remarks\":\"\",\"id\":\"3\"}', '更新成功', 1576050401);
INSERT INTO `pre_admin_log` VALUES (763, 1, 'admin', 'Mozilla/5.0 (Windows NT 10.0; Win64; x64) AppleWebKit/537.36 (KHTML, like Gecko) Chrome/78.0.3904.87 Safari/537.36', '127.0.0.1', 'http://www.basetp6.com/admin/admin/form.html', 'POST', 'html', '{\"\\/admin\\/admin\\/form_html\":\"\",\"username\":\"2342\",\"password\":\"8fb4694dbd90f168db65e9cabbce3083\",\"fullname\":\"123\",\"sex\":\"2\",\"file\":\"\",\"pic\":\"\\/uploads\\/images\\/20191204\\\\47d1c8620d51b067e7ebe4ac5b844139.png\",\"file_name\":\"\",\"province\":\"210000\",\"city\":\"210100\",\"county\":\"210102\",\"phone\":\"18325625632\",\"email\":\"14525@qq.com\",\"group_id\":\"1\",\"status\":\"1\",\"remarks\":\"\",\"id\":\"3\"}', '更新失败', 1576050658);
INSERT INTO `pre_admin_log` VALUES (764, 1, 'admin', 'Mozilla/5.0 (Windows NT 10.0; Win64; x64) AppleWebKit/537.36 (KHTML, like Gecko) Chrome/78.0.3904.87 Safari/537.36', '127.0.0.1', 'http://www.basetp6.com/admin/AuthGroup/state.html', 'POST', 'html', '{\"\\/admin\\/AuthGroup\\/state_html\":\"\",\"id\":\"2\"}', '修改状态成功！', 1576053732);
INSERT INTO `pre_admin_log` VALUES (765, 1, 'admin', 'Mozilla/5.0 (Windows NT 10.0; Win64; x64) AppleWebKit/537.36 (KHTML, like Gecko) Chrome/78.0.3904.87 Safari/537.36', '127.0.0.1', 'http://www.basetp6.com/admin/AuthGroup/power.html', 'POST', 'html', '{\"\\/admin\\/AuthGroup\\/power_html\":\"\",\"rule\":[\"1\",\"2\",\"3\",\"4\",\"5\",\"9\",\"10\",\"6\",\"7\",\"8\",\"11\",\"12\",\"13\",\"14\"],\"id\":\"3\"}', '角色赋权成功！', 1576056642);
INSERT INTO `pre_admin_log` VALUES (766, 1, 'admin', 'Mozilla/5.0 (Windows NT 10.0; Win64; x64) AppleWebKit/537.36 (KHTML, like Gecko) Chrome/78.0.3904.87 Safari/537.36', '127.0.0.1', 'http://www.basetp6.com/admin/AuthGroup/power.html', 'POST', 'html', '{\"\\/admin\\/AuthGroup\\/power_html\":\"\",\"rules\":[\"1\",\"2\",\"3\",\"4\",\"5\",\"9\",\"10\",\"6\",\"7\",\"8\",\"11\",\"12\",\"13\",\"14\"],\"id\":\"3\"}', '角色赋权成功！', 1576056862);
INSERT INTO `pre_admin_log` VALUES (767, 1, 'admin', 'Mozilla/5.0 (Windows NT 10.0; Win64; x64) AppleWebKit/537.36 (KHTML, like Gecko) Chrome/78.0.3904.87 Safari/537.36', '127.0.0.1', 'http://www.basetp6.com/admin/AuthGroup/power.html', 'POST', 'html', '{\"\\/admin\\/AuthGroup\\/power_html\":\"\",\"rules\":[\"1\",\"2\",\"3\",\"4\",\"5\",\"9\",\"10\",\"6\",\"7\",\"8\",\"11\",\"12\",\"13\",\"14\",\"15\",\"16\",\"17\"],\"id\":\"1\"}', '角色赋权成功！', 1576056997);
INSERT INTO `pre_admin_log` VALUES (768, 1, 'admin', 'Mozilla/5.0 (Windows NT 10.0; Win64; x64) AppleWebKit/537.36 (KHTML, like Gecko) Chrome/78.0.3904.87 Safari/537.36', '127.0.0.1', 'http://www.basetp6.com/admin/login/index.html', 'POST', 'html', '{\"\\/admin\\/login\\/index_html\":\"\",\"username\":\"admin\",\"password\":\"123456\",\"vercode\":\"2mcn\"}', '登录成功', 1576114422);
INSERT INTO `pre_admin_log` VALUES (769, 1, 'admin', 'Mozilla/5.0 (Windows NT 10.0; Win64; x64) AppleWebKit/537.36 (KHTML, like Gecko) Chrome/78.0.3904.87 Safari/537.36', '127.0.0.1', 'http://www.basetp6.com/admin/AuthGroup/power.html', 'POST', 'html', '{\"\\/admin\\/AuthGroup\\/power_html\":\"\",\"rules\":{\"1\":\"2\",\"2\":\"3\",\"3\":\"4\",\"4\":\"5\",\"5\":\"9\",\"6\":\"10\",\"7\":\"6\",\"8\":\"7\",\"9\":\"8\",\"10\":\"11\",\"11\":\"12\",\"12\":\"13\",\"13\":\"14\"},\"id\":\"2\"}', '角色赋权成功！', 1576114900);
INSERT INTO `pre_admin_log` VALUES (770, 1, 'admin', 'Mozilla/5.0 (Windows NT 10.0; Win64; x64) AppleWebKit/537.36 (KHTML, like Gecko) Chrome/78.0.3904.87 Safari/537.36', '127.0.0.1', 'http://www.basetp6.com/admin/admin/form.html', 'POST', 'html', '{\"\\/admin\\/admin\\/form_html\":\"\",\"username\":\"2342\",\"password\":\"8fb4694dbd90f168db65e9cabbce3083\",\"fullname\":\"123\",\"sex\":\"2\",\"file\":\"\",\"pic\":\"\\/uploads\\/images\\/20191204\\\\47d1c8620d51b067e7ebe4ac5b844139.png\",\"file_name\":\"\",\"province\":\"210000\",\"city\":\"210100\",\"county\":\"210102\",\"phone\":\"18325625632\",\"email\":\"14525@qq.com\",\"group_id\":\"3\",\"status\":\"1\",\"remarks\":\"\",\"id\":\"3\"}', '更新失败', 1576122925);
INSERT INTO `pre_admin_log` VALUES (771, 1, 'admin', 'Mozilla/5.0 (Windows NT 10.0; Win64; x64) AppleWebKit/537.36 (KHTML, like Gecko) Chrome/78.0.3904.87 Safari/537.36', '127.0.0.1', 'http://www.basetp6.com/admin/admin/form.html', 'POST', 'html', '{\"\\/admin\\/admin\\/form_html\":\"\",\"username\":\"2342\",\"password\":\"8fb4694dbd90f168db65e9cabbce3083\",\"fullname\":\"123\",\"sex\":\"2\",\"file\":\"\",\"pic\":\"\\/uploads\\/images\\/20191204\\\\47d1c8620d51b067e7ebe4ac5b844139.png\",\"file_name\":\"\",\"province\":\"210000\",\"city\":\"210100\",\"county\":\"210102\",\"phone\":\"18325625632\",\"email\":\"14525@qq.com\",\"group_id\":\"3\",\"status\":\"1\",\"remarks\":\"\",\"id\":\"3\"}', '更新失败', 1576122946);
INSERT INTO `pre_admin_log` VALUES (772, 1, 'admin', 'Mozilla/5.0 (Windows NT 10.0; Win64; x64) AppleWebKit/537.36 (KHTML, like Gecko) Chrome/78.0.3904.87 Safari/537.36', '127.0.0.1', 'http://www.basetp6.com/admin/admin/form.html', 'POST', 'html', '{\"\\/admin\\/admin\\/form_html\":\"\",\"username\":\"2342\",\"password\":\"8fb4694dbd90f168db65e9cabbce3083\",\"fullname\":\"123\",\"sex\":\"2\",\"file\":\"\",\"pic\":\"\\/uploads\\/images\\/20191204\\\\47d1c8620d51b067e7ebe4ac5b844139.png\",\"file_name\":\"\",\"province\":\"210000\",\"city\":\"210100\",\"county\":\"210102\",\"phone\":\"18325625632\",\"email\":\"14525@qq.com\",\"group_id\":\"3\",\"status\":\"1\",\"remarks\":\"\",\"id\":\"3\"}', '更新失败', 1576123335);
INSERT INTO `pre_admin_log` VALUES (773, 1, 'admin', 'Mozilla/5.0 (Windows NT 10.0; Win64; x64) AppleWebKit/537.36 (KHTML, like Gecko) Chrome/78.0.3904.87 Safari/537.36', '127.0.0.1', 'http://www.basetp6.com/admin/admin/form.html', 'POST', 'html', '{\"\\/admin\\/admin\\/form_html\":\"\",\"username\":\"2342\",\"password\":\"8fb4694dbd90f168db65e9cabbce3083\",\"fullname\":\"123\",\"sex\":\"2\",\"file\":\"\",\"pic\":\"\\/uploads\\/images\\/20191204\\\\47d1c8620d51b067e7ebe4ac5b844139.png\",\"file_name\":\"\",\"province\":\"210000\",\"city\":\"210100\",\"county\":\"210102\",\"phone\":\"18325625632\",\"email\":\"14525@qq.com\",\"group_id\":\"3\",\"status\":\"1\",\"remarks\":\"\",\"id\":\"3\"}', '更新成功', 1576123457);
INSERT INTO `pre_admin_log` VALUES (774, 1, 'admin', 'Mozilla/5.0 (Windows NT 10.0; Win64; x64) AppleWebKit/537.36 (KHTML, like Gecko) Chrome/78.0.3904.87 Safari/537.36', '127.0.0.1', 'http://www.basetp6.com/admin/admin/form.html', 'POST', 'html', '{\"\\/admin\\/admin\\/form_html\":\"\",\"username\":\"2342\",\"password\":\"8fb4694dbd90f168db65e9cabbce3083\",\"fullname\":\"123\",\"sex\":\"2\",\"file\":\"\",\"pic\":\"\\/uploads\\/images\\/20191204\\\\47d1c8620d51b067e7ebe4ac5b844139.png\",\"file_name\":\"\",\"province\":\"210000\",\"city\":\"210100\",\"county\":\"210102\",\"phone\":\"18325625632\",\"email\":\"14525@qq.com\",\"group_id\":\"3\",\"status\":\"1\",\"remarks\":\"\",\"id\":\"3\"}', '更新成功', 1576123470);
INSERT INTO `pre_admin_log` VALUES (775, 1, 'admin', 'Mozilla/5.0 (Windows NT 10.0; Win64; x64) AppleWebKit/537.36 (KHTML, like Gecko) Chrome/78.0.3904.87 Safari/537.36', '127.0.0.1', 'http://www.basetp6.com/admin/admin/form.html', 'POST', 'html', '{\"\\/admin\\/admin\\/form_html\":\"\",\"username\":\"2342\",\"password\":\"8fb4694dbd90f168db65e9cabbce3083\",\"fullname\":\"123\",\"sex\":\"2\",\"file\":\"\",\"pic\":\"\\/uploads\\/images\\/20191204\\\\47d1c8620d51b067e7ebe4ac5b844139.png\",\"file_name\":\"\",\"province\":\"210000\",\"city\":\"210100\",\"county\":\"210102\",\"phone\":\"18325625632\",\"email\":\"14525@qq.com\",\"group_id\":\"3\",\"status\":\"1\",\"remarks\":\"\",\"id\":\"3\"}', '更新成功', 1576123491);
INSERT INTO `pre_admin_log` VALUES (776, 1, 'admin', 'Mozilla/5.0 (Windows NT 10.0; Win64; x64) AppleWebKit/537.36 (KHTML, like Gecko) Chrome/78.0.3904.87 Safari/537.36', '127.0.0.1', 'http://www.basetp6.com/admin/admin/form.html', 'POST', 'html', '{\"\\/admin\\/admin\\/form_html\":\"\",\"username\":\"2342\",\"password\":\"8fb4694dbd90f168db65e9cabbce3083\",\"fullname\":\"123\",\"sex\":\"2\",\"file\":\"\",\"pic\":\"\\/uploads\\/images\\/20191204\\\\47d1c8620d51b067e7ebe4ac5b844139.png\",\"file_name\":\"\",\"province\":\"210000\",\"city\":\"210100\",\"county\":\"210102\",\"phone\":\"18325625632\",\"email\":\"14525@qq.com\",\"group_id\":\"3\",\"status\":\"1\",\"remarks\":\"\",\"id\":\"3\"}', '更新成功', 1576129902);
INSERT INTO `pre_admin_log` VALUES (777, 1, 'admin', 'Mozilla/5.0 (Windows NT 10.0; Win64; x64) AppleWebKit/537.36 (KHTML, like Gecko) Chrome/78.0.3904.87 Safari/537.36', '127.0.0.1', 'http://www.basetp6.com/admin/admin/form.html', 'POST', 'html', '{\"\\/admin\\/admin\\/form_html\":\"\",\"username\":\"2342\",\"password\":\"8fb4694dbd90f168db65e9cabbce3083\",\"fullname\":\"123\",\"sex\":\"2\",\"file\":\"\",\"pic\":\"\\/uploads\\/images\\/20191204\\\\47d1c8620d51b067e7ebe4ac5b844139.png\",\"file_name\":\"\",\"province\":\"210000\",\"city\":\"210100\",\"county\":\"210102\",\"phone\":\"18325625632\",\"email\":\"14525@qq.com\",\"group_id\":\"3\",\"status\":\"1\",\"remarks\":\"\",\"id\":\"3\"}', '更新成功', 1576130313);
INSERT INTO `pre_admin_log` VALUES (778, 1, 'admin', 'Mozilla/5.0 (Windows NT 10.0; Win64; x64) AppleWebKit/537.36 (KHTML, like Gecko) Chrome/78.0.3904.87 Safari/537.36', '127.0.0.1', 'http://www.basetp6.com/admin/admin/form.html', 'POST', 'html', '{\"\\/admin\\/admin\\/form_html\":\"\",\"username\":\"2356\",\"password\":\"bedbdeb362a421021b7486dd32dd238e\",\"fullname\":\"2555\",\"sex\":\"1\",\"file\":\"\",\"pic\":\"\\/uploads\\/images\\/20191212\\\\99eb449b0260539d5561682c7ef9adf8.png\",\"file_name\":\"\",\"province\":\"130000\",\"city\":\"130100\",\"county\":\"130102\",\"phone\":\"18252635261\",\"email\":\"1452@qq.com\",\"group_id\":\"3\",\"status\":\"1\",\"remarks\":\"\",\"id\":\"5\"}', '更新成功', 1576130787);
INSERT INTO `pre_admin_log` VALUES (779, 1, 'admin', 'Mozilla/5.0 (Windows NT 10.0; Win64; x64) AppleWebKit/537.36 (KHTML, like Gecko) Chrome/78.0.3904.87 Safari/537.36', '127.0.0.1', 'http://www.basetp6.com/admin/admin/form.html', 'POST', 'html', '{\"\\/admin\\/admin\\/form_html\":\"\",\"username\":\"2356\",\"password\":\"bedbdeb362a421021b7486dd32dd238e\",\"fullname\":\"2555\",\"sex\":\"1\",\"file\":\"\",\"pic\":\"\\/uploads\\/images\\/20191212\\\\99eb449b0260539d5561682c7ef9adf8.png\",\"file_name\":\"\",\"province\":\"130000\",\"city\":\"130100\",\"county\":\"130102\",\"phone\":\"18252635261\",\"email\":\"1452@qq.com\",\"group_id\":\"2\",\"status\":\"1\",\"remarks\":\"\",\"id\":\"5\"}', '更新成功', 1576130808);
INSERT INTO `pre_admin_log` VALUES (780, 1, 'admin', 'Mozilla/5.0 (Windows NT 10.0; Win64; x64) AppleWebKit/537.36 (KHTML, like Gecko) Chrome/78.0.3904.87 Safari/537.36', '127.0.0.1', 'http://www.basetp6.com/admin/admin/form.html', 'POST', 'html', '{\"\\/admin\\/admin\\/form_html\":\"\",\"username\":\"12356\",\"password\":\"123456\",\"fullname\":\"1452\",\"sex\":\"1\",\"file\":\"\",\"pic\":\"\\/uploads\\/images\\/20191212\\\\a00252a4971f7c477a24127cb1f7aa7e.png\",\"file_name\":\"\",\"province\":\"150000\",\"city\":\"150100\",\"county\":\"150102\",\"phone\":\"18251263521\",\"email\":\"145263@qq.com\",\"group_id\":\"3\",\"status\":\"1\",\"remarks\":\"\",\"id\":\"\"}', '添加成功', 1576130864);
INSERT INTO `pre_admin_log` VALUES (781, 1, 'admin', 'Mozilla/5.0 (Windows NT 10.0; Win64; x64) AppleWebKit/537.36 (KHTML, like Gecko) Chrome/78.0.3904.87 Safari/537.36', '127.0.0.1', 'http://www.basetp6.com/admin/Admin/state.html', 'POST', 'html', '{\"\\/admin\\/Admin\\/state_html\":\"\",\"id\":\"3\"}', '修改状态成功！', 1576134226);
INSERT INTO `pre_admin_log` VALUES (782, 1, 'admin', 'Mozilla/5.0 (Windows NT 10.0; Win64; x64) AppleWebKit/537.36 (KHTML, like Gecko) Chrome/78.0.3904.87 Safari/537.36', '127.0.0.1', 'http://www.basetp6.com/admin/Admin/state.html', 'POST', 'html', '{\"\\/admin\\/Admin\\/state_html\":\"\",\"id\":\"3\"}', '修改状态成功！', 1576134227);
INSERT INTO `pre_admin_log` VALUES (783, 1, 'admin', 'Mozilla/5.0 (Windows NT 10.0; Win64; x64) AppleWebKit/537.36 (KHTML, like Gecko) Chrome/78.0.3904.87 Safari/537.36', '127.0.0.1', 'http://www.basetp6.com/admin/Admin/checkAdmin.html', 'POST', 'html', '{\"\\/admin\\/Admin\\/checkAdmin_html\":\"\",\"id\":\"1\"}', '修改管理员状态成功！', 1576134229);
INSERT INTO `pre_admin_log` VALUES (784, 1, 'admin', 'Mozilla/5.0 (Windows NT 10.0; Win64; x64) AppleWebKit/537.36 (KHTML, like Gecko) Chrome/78.0.3904.87 Safari/537.36', '127.0.0.1', 'http://www.basetp6.com/admin/Admin/state.html', 'POST', 'html', '{\"\\/admin\\/Admin\\/state_html\":\"\",\"id\":\"1\"}', '修改状态成功！', 1576134232);
INSERT INTO `pre_admin_log` VALUES (785, 1, 'admin', 'Mozilla/5.0 (Windows NT 10.0; Win64; x64) AppleWebKit/537.36 (KHTML, like Gecko) Chrome/78.0.3904.87 Safari/537.36', '127.0.0.1', 'http://www.basetp6.com/admin/Admin/state.html', 'POST', 'html', '{\"\\/admin\\/Admin\\/state_html\":\"\",\"id\":\"1\"}', '修改状态成功！', 1576134233);
INSERT INTO `pre_admin_log` VALUES (786, 1, 'admin', 'Mozilla/5.0 (Windows NT 10.0; Win64; x64) AppleWebKit/537.36 (KHTML, like Gecko) Chrome/78.0.3904.87 Safari/537.36', '127.0.0.1', 'http://www.basetp6.com/admin/Admin/checkAdmin.html', 'POST', 'html', '{\"\\/admin\\/Admin\\/checkAdmin_html\":\"\",\"id\":\"1\"}', '修改管理员状态成功！', 1576134234);
INSERT INTO `pre_admin_log` VALUES (787, 1, 'admin', 'Mozilla/5.0 (Windows NT 10.0; Win64; x64) AppleWebKit/537.36 (KHTML, like Gecko) Chrome/78.0.3904.87 Safari/537.36', '127.0.0.1', 'http://www.basetp6.com/admin/admin/form.html', 'POST', 'html', '{\"\\/admin\\/admin\\/form_html\":\"\",\"username\":\"12321\",\"password\":\"12312\",\"fullname\":\"12312\",\"sex\":\"1\",\"file\":\"\",\"pic\":\"\\/uploads\\/images\\/20191212\\\\babe9d151510d4a6d01806c9405d3438.jpg\",\"file_name\":\"\",\"province\":\"210000\",\"city\":\"210100\",\"county\":\"210102\",\"phone\":\"18205236254\",\"email\":\"1256325@qq.com\",\"group_id\":\"3\",\"status\":\"1\",\"remarks\":\"\",\"id\":\"\"}', '添加成功', 1576134685);
INSERT INTO `pre_admin_log` VALUES (788, 1, 'admin', 'Mozilla/5.0 (Windows NT 10.0; Win64; x64) AppleWebKit/537.36 (KHTML, like Gecko) Chrome/78.0.3904.87 Safari/537.36', '127.0.0.1', 'http://www.basetp6.com/admin/admin/form.html', 'POST', 'html', '{\"\\/admin\\/admin\\/form_html\":\"\",\"username\":\"22223\",\"password\":\"232422324324\",\"fullname\":\"2324\",\"sex\":\"1\",\"file\":\"\",\"pic\":\"\\/uploads\\/images\\/20191212\\\\aed8d605bdec42ac20e4ce58c8ec3077.png\",\"file_name\":\"\",\"province\":\"310000\",\"city\":\"310100\",\"county\":\"310101\",\"phone\":\"18325632541\",\"email\":\"45652322@qq.com\",\"group_id\":\"3\",\"status\":\"1\",\"remarks\":\"\",\"id\":\"\"}', '添加成功', 1576134728);
INSERT INTO `pre_admin_log` VALUES (789, 1, 'admin', 'Mozilla/5.0 (Windows NT 10.0; Win64; x64) AppleWebKit/537.36 (KHTML, like Gecko) Chrome/78.0.3904.87 Safari/537.36', '127.0.0.1', 'http://www.basetp6.com/admin/admin/form.html', 'POST', 'html', '{\"\\/admin\\/admin\\/form_html\":\"\",\"username\":\"12321\",\"password\":\"65e5026a7de6de154c73902417965551\",\"fullname\":\"12312\",\"sex\":\"1\",\"file\":\"\",\"pic\":\"\\/uploads\\/images\\/20191212\\\\babe9d151510d4a6d01806c9405d3438.jpg\",\"file_name\":\"\",\"province\":\"210000\",\"city\":\"210100\",\"county\":\"210102\",\"phone\":\"18205236254\",\"email\":\"1256325@qq.com\",\"group_id\":\"2\",\"status\":\"1\",\"remarks\":\"\",\"id\":\"7\"}', '更新成功', 1576134739);
INSERT INTO `pre_admin_log` VALUES (790, 1, 'admin', 'Mozilla/5.0 (Windows NT 10.0; Win64; x64) AppleWebKit/537.36 (KHTML, like Gecko) Chrome/78.0.3904.87 Safari/537.36', '127.0.0.1', 'http://www.basetp6.com/admin/admin/destroy.html', 'DELETE', 'html', '{\"\\/admin\\/admin\\/destroy_html\":\"\",\"ids\":[\"7\",\"8\"]}', '删除成功', 1576134774);
INSERT INTO `pre_admin_log` VALUES (791, 1, 'admin', 'Mozilla/5.0 (Windows NT 10.0; Win64; x64) AppleWebKit/537.36 (KHTML, like Gecko) Chrome/78.0.3904.87 Safari/537.36', '127.0.0.1', 'http://www.basetp6.com/admin/AuthGroup/power.html', 'POST', 'html', '{\"\\/admin\\/AuthGroup\\/power_html\":\"\",\"rules\":[\"1\",\"2\",\"3\",\"4\",\"5\",\"9\",\"10\",\"6\",\"7\",\"8\",\"11\",\"12\",\"13\",\"14\",\"18\",\"19\",\"15\",\"16\",\"17\"],\"id\":\"1\"}', '角色赋权成功！', 1576135095);
INSERT INTO `pre_admin_log` VALUES (792, 1, 'admin', 'Mozilla/5.0 (Windows NT 10.0; Win64; x64) AppleWebKit/537.36 (KHTML, like Gecko) Chrome/78.0.3904.87 Safari/537.36', '127.0.0.1', 'http://www.basetp6.com/admin/AuthRule/edit.html', 'POST', 'html', '{\"\\/admin\\/AuthRule\\/edit_html\":\"\",\"id\":\"18\",\"pid\":\"2\",\"sort\":\"140\",\"name\":\"admin\\/Log\\/index\",\"title\":\"\\u65e5\\u5fd7\\u7ba1\\u7406\",\"status\":\"1\",\"create_time\":\"1970-01-01 08:33:39\"}', '更新单元格成功！', 1576136693);
INSERT INTO `pre_admin_log` VALUES (793, 1, 'admin', 'Mozilla/5.0 (Windows NT 10.0; Win64; x64) AppleWebKit/537.36 (KHTML, like Gecko) Chrome/78.0.3904.87 Safari/537.36', '127.0.0.1', 'http://www.basetp6.com/admin/AuthRule/edit.html', 'POST', 'html', '{\"\\/admin\\/AuthRule\\/edit_html\":\"\",\"id\":\"19\",\"pid\":\"18\",\"sort\":\"141\",\"name\":\"admin\\/Log\\/destroy\",\"title\":\"\\u5220\\u9664\",\"status\":\"1\",\"create_time\":\"1970-01-01 08:33:39\"}', '更新单元格成功！', 1576136701);
INSERT INTO `pre_admin_log` VALUES (794, 1, 'admin', 'Mozilla/5.0 (Windows NT 10.0; Win64; x64) AppleWebKit/537.36 (KHTML, like Gecko) Chrome/78.0.3904.87 Safari/537.36', '127.0.0.1', 'http://www.basetp6.com/admin/admin/info.html', 'POST', 'html', '{\"\\/admin\\/admin\\/info_html\":\"\",\"group_id\":\"1\",\"username\":\"admin\",\"fullname\":\"\\u8d85\\u7ea7\\u7ba1\\u7406\\u5458\",\"sex\":\"1\",\"file\":\"\",\"pic\":\"\\/uploads\\/images\\/20191112\\\\ef70d83335d022f1782202f08f9a427c.png\",\"file_name\":\"\",\"province\":\"120000\",\"city\":\"120100\",\"county\":\"120101\",\"phone\":\"18052635456\",\"email\":\"44655@qq.com\",\"remarks\":\"<p>\\u597d\\u597d\\u8bf4\\u5206\\u624b\\u7684\\u76d1\\u63a7\\u623f\\u4ef7\\u591a\\u5c11\\u79ef\\u5206<\\/p>\\n<p><img src=\\\"..\\/..\\/uploads\\/images\\/20191207\\\\560a46f9559613ae190014cf8e490836.png\\\" alt=\\\"\\\" width=\\\"322\\\" height=\\\"337\\\" \\/><\\/p>\"}', '更新成功！', 1576141364);
INSERT INTO `pre_admin_log` VALUES (795, 1, 'admin', 'Mozilla/5.0 (Windows NT 10.0; Win64; x64) AppleWebKit/537.36 (KHTML, like Gecko) Chrome/78.0.3904.87 Safari/537.36', '127.0.0.1', 'http://www.basetp6.com/admin/admin/info.html', 'POST', 'html', '{\"\\/admin\\/admin\\/info_html\":\"\",\"group_id\":\"1\",\"username\":\"admin\",\"fullname\":\"\\u8d85\\u7ea7\\u7ba1\\u7406\\u5458\",\"sex\":\"1\",\"file\":\"\",\"pic\":\"\\/uploads\\/images\\/20191112\\\\ef70d83335d022f1782202f08f9a427c.png\",\"file_name\":\"\",\"province\":\"120000\",\"city\":\"120100\",\"county\":\"120101\",\"phone\":\"18052635454\",\"email\":\"44655@qq.com\",\"remarks\":\"<p>\\u597d\\u597d\\u8bf4\\u5206\\u624b\\u7684\\u76d1\\u63a7\\u623f\\u4ef7\\u591a\\u5c11\\u79ef\\u5206<\\/p>\\n<p><img src=\\\"..\\/..\\/uploads\\/images\\/20191207\\\\560a46f9559613ae190014cf8e490836.png\\\" alt=\\\"\\\" width=\\\"322\\\" height=\\\"337\\\" \\/><\\/p>\"}', '更新成功！', 1576141381);
INSERT INTO `pre_admin_log` VALUES (796, 1, 'admin', 'Mozilla/5.0 (Windows NT 10.0; Win64; x64) AppleWebKit/537.36 (KHTML, like Gecko) Chrome/78.0.3904.87 Safari/537.36', '127.0.0.1', 'http://www.basetp6.com/admin/admin/info.html', 'POST', 'html', '{\"\\/admin\\/admin\\/info_html\":\"\",\"group_id\":\"1\",\"username\":\"admin\",\"fullname\":\"\\u8d85\\u7ea7\\u7ba1\\u7406\\u5458\",\"sex\":\"1\",\"file\":\"\",\"pic\":\"\\/uploads\\/images\\/20191112\\\\ef70d83335d022f1782202f08f9a427c.png\",\"file_name\":\"\",\"province\":\"120000\",\"city\":\"120100\",\"county\":\"120105\",\"phone\":\"18052635454\",\"email\":\"44655@qq.com\",\"remarks\":\"<p>\\u597d\\u597d\\u8bf4\\u5206\\u624b\\u7684\\u76d1\\u63a7\\u623f\\u4ef7\\u591a\\u5c11\\u79ef\\u5206<\\/p>\\n<p><img src=\\\"..\\/..\\/uploads\\/images\\/20191207\\\\560a46f9559613ae190014cf8e490836.png\\\" alt=\\\"\\\" width=\\\"322\\\" height=\\\"337\\\" \\/><\\/p>\"}', '更新成功！', 1576141395);
INSERT INTO `pre_admin_log` VALUES (797, 1, 'admin', 'Mozilla/5.0 (Windows NT 10.0; Win64; x64) AppleWebKit/537.36 (KHTML, like Gecko) Chrome/78.0.3904.87 Safari/537.36', '127.0.0.1', 'http://www.basetp6.com/admin/admin/info.html', 'POST', 'html', '{\"\\/admin\\/admin\\/info_html\":\"\",\"group_id\":\"1\",\"username\":\"admin\",\"fullname\":\"\\u8d85\\u7ea7\\u7ba1\\u7406\\u5458\",\"sex\":\"1\",\"file\":\"\",\"pic\":\"\\/uploads\\/images\\/20191112\\\\ef70d83335d022f1782202f08f9a427c.png\",\"file_name\":\"\",\"province\":\"120000\",\"city\":\"120100\",\"county\":\"120105\",\"phone\":\"18052635454\",\"email\":\"44655@qq.com\",\"remarks\":\"<p>\\u597d\\u597d\\u8bf4\\u5206\\u624b\\u7684\\u76d1\\u63a7\\u623f\\u4ef7\\u591a\\u5c11\\u79ef\\u5206<\\/p>\\n<p><img src=\\\"..\\/..\\/uploads\\/images\\/20191207\\\\560a46f9559613ae190014cf8e490836.png\\\" alt=\\\"\\\" width=\\\"322\\\" height=\\\"337\\\" \\/><\\/p>\"}', '更新成功！', 1576141949);
INSERT INTO `pre_admin_log` VALUES (798, 1, 'admin', 'Mozilla/5.0 (Windows NT 10.0; Win64; x64) AppleWebKit/537.36 (KHTML, like Gecko) Chrome/78.0.3904.87 Safari/537.36', '127.0.0.1', 'http://www.basetp6.com/admin/admin/info.html', 'POST', 'html', '{\"\\/admin\\/admin\\/info_html\":\"\",\"group_id\":\"1\",\"username\":\"admin\",\"fullname\":\"\\u8d85\\u7ea7\\u7ba1\\u7406\\u5458\",\"sex\":\"1\",\"file\":\"\",\"pic\":\"\\/uploads\\/images\\/20191112\\\\ef70d83335d022f1782202f08f9a427c.png\",\"file_name\":\"\",\"province\":\"120000\",\"city\":\"120100\",\"county\":\"120102\",\"phone\":\"18052635454\",\"email\":\"44655@qq.com\",\"remarks\":\"<p>\\u597d\\u597d\\u8bf4\\u5206\\u624b\\u7684\\u76d1\\u63a7\\u623f\\u4ef7\\u591a\\u5c11\\u79ef\\u5206<\\/p>\\n<p><img src=\\\"..\\/..\\/uploads\\/images\\/20191207\\\\560a46f9559613ae190014cf8e490836.png\\\" alt=\\\"\\\" width=\\\"322\\\" height=\\\"337\\\" \\/><\\/p>\"}', '更新成功！', 1576141970);
INSERT INTO `pre_admin_log` VALUES (799, 1, 'admin', 'Mozilla/5.0 (Windows NT 10.0; Win64; x64) AppleWebKit/537.36 (KHTML, like Gecko) Chrome/78.0.3904.87 Safari/537.36', '127.0.0.1', 'http://www.basetp6.com/admin/admin/info.html', 'POST', 'html', '{\"\\/admin\\/admin\\/info_html\":\"\",\"group_id\":\"1\",\"username\":\"admin\",\"fullname\":\"\\u8d85\\u7ea7\\u7ba1\\u7406\\u5458\",\"sex\":\"1\",\"file\":\"\",\"pic\":\"\\/uploads\\/images\\/20191112\\\\ef70d83335d022f1782202f08f9a427c.png\",\"file_name\":\"\",\"province\":\"120000\",\"city\":\"120100\",\"county\":\"120102\",\"phone\":\"18052635454\",\"email\":\"44655@qq.com\",\"remarks\":\"<p style=\\\"text-indent: 2em;\\\">\\u597d\\u597d\\u8bf4\\u5206\\u624b\\u7684\\u76d1\\u63a7\\u623f\\u4ef7\\u591a\\u5c11\\u79ef\\u5206<\\/p>\\n<p><img src=\\\"..\\/..\\/uploads\\/images\\/20191207\\\\560a46f9559613ae190014cf8e490836.png\\\" alt=\\\"\\\" width=\\\"322\\\" height=\\\"337\\\" \\/><\\/p>\"}', '更新成功！', 1576141981);
INSERT INTO `pre_admin_log` VALUES (800, 1, 'admin', 'Mozilla/5.0 (Windows NT 10.0; Win64; x64) AppleWebKit/537.36 (KHTML, like Gecko) Chrome/78.0.3904.87 Safari/537.36', '127.0.0.1', 'http://www.basetp6.com/admin/admin/form.html', 'POST', 'html', '{\"\\/admin\\/admin\\/form_html\":\"\",\"username\":\"test\",\"password\":\"123456\",\"fullname\":\"123\",\"sex\":\"2\",\"file\":\"\",\"pic\":\"\\/uploads\\/images\\/20191204\\\\47d1c8620d51b067e7ebe4ac5b844139.png\",\"file_name\":\"\",\"province\":\"210000\",\"city\":\"210100\",\"county\":\"210102\",\"phone\":\"18325625632\",\"email\":\"14525@qq.com\",\"group_id\":\"2\",\"status\":\"1\",\"remarks\":\"\",\"id\":\"3\"}', '更新成功', 1576142162);
INSERT INTO `pre_admin_log` VALUES (801, 1, 'admin', 'Mozilla/5.0 (Windows NT 10.0; Win64; x64) AppleWebKit/537.36 (KHTML, like Gecko) Chrome/78.0.3904.87 Safari/537.36', '127.0.0.1', 'http://www.basetp6.com/admin/Admin/checkAdmin.html', 'POST', 'html', '{\"\\/admin\\/Admin\\/checkAdmin_html\":\"\",\"id\":\"3\"}', '修改管理员状态成功！', 1576142167);
INSERT INTO `pre_admin_log` VALUES (802, 3, 'test', 'Mozilla/5.0 (Windows NT 10.0; Win64; x64) AppleWebKit/537.36 (KHTML, like Gecko) Chrome/78.0.3904.87 Safari/537.36', '127.0.0.1', 'http://www.basetp6.com/admin/login/index.html', 'POST', 'html', '{\"\\/admin\\/login\\/index_html\":\"\",\"username\":\"test\",\"password\":\"123456\",\"vercode\":\"tjmw\"}', '登录成功', 1576142196);
INSERT INTO `pre_admin_log` VALUES (803, 1, 'admin', 'Mozilla/5.0 (Windows NT 10.0; Win64; x64) AppleWebKit/537.36 (KHTML, like Gecko) Chrome/78.0.3904.87 Safari/537.36', '127.0.0.1', 'http://www.basetp6.com/admin/login/index.html', 'POST', 'html', '{\"\\/admin\\/login\\/index_html\":\"\",\"username\":\"admin\",\"password\":\"123456\",\"vercode\":\"5ueb\"}', '登录成功', 1576142528);
INSERT INTO `pre_admin_log` VALUES (804, 1, 'admin', 'Mozilla/5.0 (Windows NT 10.0; Win64; x64) AppleWebKit/537.36 (KHTML, like Gecko) Chrome/78.0.3904.87 Safari/537.36', '127.0.0.1', 'http://www.basetp6.com/admin/admin/password.html', 'POST', 'html', '{\"\\/admin\\/admin\\/password_html\":\"\",\"oldPassword\":\"123456\",\"password\":\"12345678\",\"repassword\":\"12345678\"}', '修改密码成功！', 1576143837);
INSERT INTO `pre_admin_log` VALUES (805, 1, 'admin', 'Mozilla/5.0 (Windows NT 10.0; Win64; x64) AppleWebKit/537.36 (KHTML, like Gecko) Chrome/78.0.3904.87 Safari/537.36', '127.0.0.1', 'http://www.basetp6.com/admin/login/index.html', 'POST', 'html', '{\"\\/admin\\/login\\/index_html\":\"\",\"username\":\"admin\",\"password\":\"12345678\",\"vercode\":\"kpub\"}', '登录成功', 1576143862);
INSERT INTO `pre_admin_log` VALUES (806, 1, 'admin', 'Mozilla/5.0 (Windows NT 10.0; Win64; x64) AppleWebKit/537.36 (KHTML, like Gecko) Chrome/78.0.3904.87 Safari/537.36', '127.0.0.1', 'http://www.basetp6.com/admin/admin/password.html', 'POST', 'html', '{\"\\/admin\\/admin\\/password_html\":\"\",\"oldPassword\":\"12345678\",\"password\":\"123456\",\"repassword\":\"123456\"}', '修改密码成功！', 1576143885);
INSERT INTO `pre_admin_log` VALUES (807, 1, 'admin', 'Mozilla/5.0 (Windows NT 10.0; Win64; x64) AppleWebKit/537.36 (KHTML, like Gecko) Chrome/78.0.3904.87 Safari/537.36', '127.0.0.1', 'http://www.basetp6.com/admin/Admin/checkAdmin.html', 'POST', 'html', '{\"\\/admin\\/Admin\\/checkAdmin_html\":\"\",\"id\":\"3\"}', '修改管理员状态成功！', 1576144318);
INSERT INTO `pre_admin_log` VALUES (808, 3, 'test', 'Mozilla/5.0 (Windows NT 10.0; Win64; x64) AppleWebKit/537.36 (KHTML, like Gecko) Chrome/78.0.3904.87 Safari/537.36', '127.0.0.1', 'http://www.basetp6.com/admin/login/index.html', 'POST', 'html', '{\"\\/admin\\/login\\/index_html\":\"\",\"username\":\"test\",\"password\":\"123456\",\"vercode\":\"zmw6\"}', '登录成功', 1576144356);
INSERT INTO `pre_admin_log` VALUES (809, 1, 'admin', 'Mozilla/5.0 (Windows NT 10.0; Win64; x64) AppleWebKit/537.36 (KHTML, like Gecko) Chrome/78.0.3904.87 Safari/537.36', '127.0.0.1', 'http://www.basetp6.com/admin/login/index.html', 'POST', 'html', '{\"\\/admin\\/login\\/index_html\":\"\",\"username\":\"admin\",\"password\":\"123456\",\"vercode\":\"aytl\"}', '登录成功', 1576144388);
INSERT INTO `pre_admin_log` VALUES (810, 1, 'admin', 'Mozilla/5.0 (Windows NT 10.0; Win64; x64) AppleWebKit/537.36 (KHTML, like Gecko) Chrome/78.0.3904.87 Safari/537.36', '127.0.0.1', 'http://www.basetp6.com/admin/login/index.html', 'POST', 'html', '{\"\\/admin\\/login\\/index_html\":\"\",\"username\":\"admin\",\"password\":\"123456\",\"vercode\":\"wef6\"}', '登录成功', 1576199624);
INSERT INTO `pre_admin_log` VALUES (811, 1, 'admin', 'Mozilla/5.0 (Windows NT 10.0; Win64; x64) AppleWebKit/537.36 (KHTML, like Gecko) Chrome/79.0.3945.79 Safari/537.36', '127.0.0.1', 'http://www.basetp6.com/admin/login/index.html', 'POST', 'html', '{\"\\/admin\\/login\\/index_html\":\"\",\"username\":\"admin\",\"password\":\"123456\",\"vercode\":\"fjqb\"}', '登录成功', 1576201138);
INSERT INTO `pre_admin_log` VALUES (812, 1, 'admin', 'Mozilla/5.0 (Windows NT 10.0; Win64; x64) AppleWebKit/537.36 (KHTML, like Gecko) Chrome/79.0.3945.79 Safari/537.36', '127.0.0.1', 'http://www.basetp6.com/admin/login/index.html', 'POST', 'html', '{\"\\/admin\\/login\\/index_html\":\"\",\"username\":\"admin\",\"password\":\"123456\",\"vercode\":\"7q6l\"}', '登录成功', 1576223919);
INSERT INTO `pre_admin_log` VALUES (813, 1, 'admin', 'Mozilla/5.0 (Windows NT 10.0; Win64; x64) AppleWebKit/537.36 (KHTML, like Gecko) Chrome/79.0.3945.79 Safari/537.36', '127.0.0.1', 'http://www.basetp6.com/admin/login/index.html', 'POST', 'html', '{\"\\/admin\\/login\\/index_html\":\"\",\"username\":\"admin\",\"password\":\"123456\",\"vercode\":\"hyrl\"}', '登录成功', 1576224275);
INSERT INTO `pre_admin_log` VALUES (814, 1, 'admin', 'Mozilla/5.0 (Windows NT 10.0; Win64; x64) AppleWebKit/537.36 (KHTML, like Gecko) Chrome/79.0.3945.79 Safari/537.36', '127.0.0.1', 'http://www.basetp6.com/admin/Admin/checkAdmin.html', 'POST', 'html', '{\"\\/admin\\/Admin\\/checkAdmin_html\":\"\",\"id\":\"3\"}', '修改管理员状态成功！', 1576231388);
INSERT INTO `pre_admin_log` VALUES (815, 1, 'admin', 'Mozilla/5.0 (Windows NT 10.0; Win64; x64) AppleWebKit/537.36 (KHTML, like Gecko) Chrome/79.0.3945.79 Safari/537.36', '127.0.0.1', 'http://www.basetp6.com/admin/login/index.html', 'POST', 'html', '{\"\\/admin\\/login\\/index_html\":\"\",\"username\":\"admin\",\"password\":\"123456\",\"vercode\":\"2hlb\"}', '登录成功', 1576288221);
INSERT INTO `pre_admin_log` VALUES (816, 1, 'admin', 'Mozilla/5.0 (Windows NT 10.0; Win64; x64) AppleWebKit/537.36 (KHTML, like Gecko) Chrome/79.0.3945.79 Safari/537.36', '127.0.0.1', 'http://www.basetp6.com/admin/login/index.html', 'POST', 'html', '{\"\\/admin\\/login\\/index_html\":\"\",\"username\":\"admin\",\"password\":\"123456\",\"vercode\":\"kuqk\"}', '登录成功', 1576288364);
INSERT INTO `pre_admin_log` VALUES (817, 1, 'admin', 'Mozilla/5.0 (Windows NT 10.0; Win64; x64) AppleWebKit/537.36 (KHTML, like Gecko) Chrome/79.0.3945.79 Safari/537.36', '127.0.0.1', 'http://www.basetp6.com/admin/admin/form.html', 'POST', 'html', '{\"\\/admin\\/admin\\/form_html\":\"\",\"username\":\"admin\",\"password\":\"fd1663ffd1bdeccb9d2acc879573e7ee\",\"fullname\":\"\\u8d85\\u7ea7\\u7ba1\\u7406\\u5458\",\"sex\":\"1\",\"file\":\"\",\"pic\":\"\\/uploads\\/images\\/20191112\\\\ef70d83335d022f1782202f08f9a427c.png\",\"file_name\":\"\",\"province\":\"120000\",\"city\":\"120100\",\"county\":\"120102\",\"phone\":\"18052635454\",\"email\":\"44655@qq.com\",\"group_id\":\"1\",\"is_admin\":\"1\",\"status\":\"1\",\"remarks\":\"<p style=\\\"text-indent: 2em;\\\">\\u597d\\u597d\\u8bf4\\u5206\\u624b\\u7684\\u76d1\\u63a7\\u623f\\u4ef7\\u591a\\u5c11\\u79ef\\u5206<\\/p>\\n<p><img src=\\\"..\\/..\\/uploads\\/images\\/20191207\\\\560a46f9559613ae190014cf8e490836.png\\\" alt=\\\"\\\" width=\\\"322\\\" height=\\\"337\\\" \\/><\\/p>\",\"id\":\"1\"}', '更新成功', 1576288924);
INSERT INTO `pre_admin_log` VALUES (818, 1, 'admin', 'Mozilla/5.0 (Windows NT 10.0; Win64; x64) AppleWebKit/537.36 (KHTML, like Gecko) Chrome/79.0.3945.79 Safari/537.36', '127.0.0.1', 'http://www.basetp6.com/admin/admin/form.html', 'POST', 'html', '{\"\\/admin\\/admin\\/form_html\":\"\",\"username\":\"admin\",\"password\":\"fd1663ffd1bdeccb9d2acc879573e7ee\",\"fullname\":\"\\u8d85\\u7ea7\\u7ba1\\u7406\\u5458\",\"sex\":\"1\",\"file\":\"\",\"pic\":\"\\/uploads\\/images\\/20191112\\\\ef70d83335d022f1782202f08f9a427c.png\",\"file_name\":\"\",\"province\":\"120000\",\"city\":\"120100\",\"county\":\"120102\",\"phone\":\"18052635454\",\"email\":\"44655@qq.com\",\"group_id\":\"1\",\"is_admin\":\"1\",\"status\":\"1\",\"remarks\":\"<p style=\\\"text-indent: 2em;\\\">\\u597d\\u597d\\u8bf4\\u5206\\u624b\\u7684\\u76d1\\u63a7\\u623f\\u4ef7\\u591a\\u5c11\\u79ef\\u5206<\\/p>\\n<p><img src=\\\"..\\/..\\/uploads\\/images\\/20191207\\\\560a46f9559613ae190014cf8e490836.png\\\" alt=\\\"\\\" width=\\\"322\\\" height=\\\"337\\\" \\/><\\/p>\",\"id\":\"1\"}', '更新成功', 1576288974);
INSERT INTO `pre_admin_log` VALUES (819, 1, 'admin', 'Mozilla/5.0 (Windows NT 10.0; Win64; x64) AppleWebKit/537.36 (KHTML, like Gecko) Chrome/79.0.3945.79 Safari/537.36', '127.0.0.1', 'http://www.basetp6.com/admin/login/index.html', 'POST', 'html', '{\"\\/admin\\/login\\/index_html\":\"\",\"username\":\"admin\",\"password\":\"123456\",\"vercode\":\"ceiw\"}', '登录成功', 1576289580);
INSERT INTO `pre_admin_log` VALUES (820, 1, 'admin', 'Mozilla/5.0 (Windows NT 10.0; Win64; x64) AppleWebKit/537.36 (KHTML, like Gecko) Chrome/79.0.3945.79 Safari/537.36', '127.0.0.1', 'http://www.basetp6.com/admin/login/index.html', 'POST', 'html', '{\"\\/admin\\/login\\/index_html\":\"\",\"username\":\"admin\",\"password\":\"123456\",\"vercode\":\"2jti\"}', '登录成功', 1576290864);
INSERT INTO `pre_admin_log` VALUES (821, 1, 'admin', 'Mozilla/5.0 (Windows NT 10.0; Win64; x64) AppleWebKit/537.36 (KHTML, like Gecko) Chrome/79.0.3945.79 Safari/537.36', '127.0.0.1', 'http://www.basetp6.com/admin/login/index.html', 'POST', 'html', '{\"\\/admin\\/login\\/index_html\":\"\",\"username\":\"admin\",\"password\":\"123456\",\"vercode\":\"tdun\"}', '登录成功', 1576290956);

-- ----------------------------
-- Table structure for pre_auth_group
-- ----------------------------
DROP TABLE IF EXISTS `pre_auth_group`;
CREATE TABLE `pre_auth_group`  (
  `id` mediumint(8) UNSIGNED NOT NULL AUTO_INCREMENT COMMENT '主键',
  `title` char(100) CHARACTER SET utf8 COLLATE utf8_general_ci NOT NULL DEFAULT '' COMMENT '用户组中文名称',
  `status` tinyint(1) NOT NULL DEFAULT 1 COMMENT '状态：为1正常，为0禁用',
  `rules` char(80) CHARACTER SET utf8 COLLATE utf8_general_ci NOT NULL DEFAULT '' COMMENT '用户组拥有的规则id， 多个规则\",\"隔开',
  `update_time` varchar(20) CHARACTER SET utf8 COLLATE utf8_general_ci NOT NULL DEFAULT '0' COMMENT '更新时间',
  `create_time` varchar(20) CHARACTER SET utf8 COLLATE utf8_general_ci NOT NULL DEFAULT '0' COMMENT '创建时间',
  PRIMARY KEY (`id`) USING BTREE
) ENGINE = InnoDB AUTO_INCREMENT = 4 CHARACTER SET = utf8 COLLATE = utf8_general_ci COMMENT = '用户组表' ROW_FORMAT = Dynamic;

-- ----------------------------
-- Records of pre_auth_group
-- ----------------------------
INSERT INTO `pre_auth_group` VALUES (1, '超级管理员', 1, '1,2,3,4,5,9,10,6,7,8,11,12,13,14,18,19,15,16,17', '2019-12-12 15:18:15', '2019-11-14 10:44:31');
INSERT INTO `pre_auth_group` VALUES (2, '机构管理员', 1, '2,3,4,5,9,10,6,7,8,11,12,13,14', '2019-12-12 09:41:39', '2019-11-14 10:44:31');
INSERT INTO `pre_auth_group` VALUES (3, '编辑管理员', 1, '1,2,3,4,5,9,10,6,7,8,11,12,13,14', '2019-12-11 17:34:21', '2019-12-11 16:43:39');

-- ----------------------------
-- Table structure for pre_auth_group_access
-- ----------------------------
DROP TABLE IF EXISTS `pre_auth_group_access`;
CREATE TABLE `pre_auth_group_access`  (
  `uid` mediumint(8) UNSIGNED NOT NULL COMMENT '用户id',
  `group_id` mediumint(8) UNSIGNED NOT NULL COMMENT '用户组id',
  UNIQUE INDEX `uid_group_id`(`uid`, `group_id`) USING BTREE,
  INDEX `uid`(`uid`) USING BTREE,
  INDEX `group_id`(`group_id`) USING BTREE
) ENGINE = InnoDB CHARACTER SET = utf8 COLLATE = utf8_general_ci COMMENT = '用户组明细表' ROW_FORMAT = Dynamic;

-- ----------------------------
-- Records of pre_auth_group_access
-- ----------------------------
INSERT INTO `pre_auth_group_access` VALUES (1, 1);
INSERT INTO `pre_auth_group_access` VALUES (3, 2);

-- ----------------------------
-- Table structure for pre_auth_rule
-- ----------------------------
DROP TABLE IF EXISTS `pre_auth_rule`;
CREATE TABLE `pre_auth_rule`  (
  `id` int(11) UNSIGNED NOT NULL AUTO_INCREMENT COMMENT '主键',
  `pid` int(5) NOT NULL DEFAULT 0 COMMENT '上级id',
  `level` int(5) NOT NULL DEFAULT 0 COMMENT '等级',
  `sort` int(5) NOT NULL DEFAULT 0 COMMENT '排序',
  `name` varchar(80) CHARACTER SET utf8 COLLATE utf8_general_ci NULL DEFAULT '' COMMENT '规则唯一标识',
  `title` char(20) CHARACTER SET utf8 COLLATE utf8_general_ci NOT NULL DEFAULT '' COMMENT '规则中文名称',
  `icon` varchar(255) CHARACTER SET utf8 COLLATE utf8_general_ci NOT NULL DEFAULT '' COMMENT '图标',
  `type` tinyint(1) NOT NULL DEFAULT 1,
  `status` tinyint(1) NOT NULL DEFAULT 1 COMMENT '状态：为1正常，为0禁用',
  `add_user` varchar(64) CHARACTER SET utf8 COLLATE utf8_general_ci NOT NULL DEFAULT '' COMMENT '操作员',
  `remarks` longtext CHARACTER SET utf8 COLLATE utf8_general_ci NULL COMMENT '备注',
  `condition` char(100) CHARACTER SET utf8 COLLATE utf8_general_ci NOT NULL DEFAULT '' COMMENT '规则表达式，为空表示存在就验证，不为空表示按照条件验证',
  `update_time` varchar(20) CHARACTER SET utf8 COLLATE utf8_general_ci NOT NULL DEFAULT '0' COMMENT '更新时间',
  `create_time` varchar(20) CHARACTER SET utf8 COLLATE utf8_general_ci NOT NULL DEFAULT '0' COMMENT '创建时间',
  PRIMARY KEY (`id`) USING BTREE,
  UNIQUE INDEX `name`(`name`) USING BTREE
) ENGINE = InnoDB AUTO_INCREMENT = 20 CHARACTER SET = utf8 COLLATE = utf8_general_ci COMMENT = '规则表' ROW_FORMAT = Dynamic;

-- ----------------------------
-- Records of pre_auth_rule
-- ----------------------------
INSERT INTO `pre_auth_rule` VALUES (1, 0, 1, 11, 'admin/Index/welcome', '首页', 'layui-icon-home', 1, 1, 'admin', '', '', '2019-12-12 10:09:04', '2019-11-11 10:38:43');
INSERT INTO `pre_auth_rule` VALUES (2, 0, 1, 100, '', '系统管理', 'layui-icon-set-fill', 1, 1, 'admin', '', '', '2019-11-19 10:52:43', '2019-11-11 11:50:45');
INSERT INTO `pre_auth_rule` VALUES (3, 2, 2, 110, 'admin/Admin/index', '管理员管理', 'layui-icon-spread-left', 1, 1, 'admin', '', '', '0', '2019-11-11 12:04:35');
INSERT INTO `pre_auth_rule` VALUES (4, 3, 3, 111, 'admin/Admin/form', '编辑', '', 1, 1, 'admin', '', '', '2019-11-11 14:00:59', '2019-11-11 13:58:21');
INSERT INTO `pre_auth_rule` VALUES (5, 3, 3, 112, 'admin/Admin/destroy', '删除', '', 1, 1, 'admin', '', '', '0', '2019-11-11 14:01:48');
INSERT INTO `pre_auth_rule` VALUES (6, 2, 2, 120, 'admin/AuthRule/index', '权限管理', 'layui-icon-spread-left', 1, 1, 'admin', '', '', '0', '2019-11-11 14:02:50');
INSERT INTO `pre_auth_rule` VALUES (7, 6, 3, 121, 'admin/AuthRule/form', '编辑', '', 1, 1, 'admin', '', '', '0', '2019-11-11 14:03:45');
INSERT INTO `pre_auth_rule` VALUES (8, 6, 3, 122, 'admin/AuthRule/destroy', '删除', '', 1, 1, 'admin', '', '', '2019-11-11 14:04:28', '2019-11-11 14:04:18');
INSERT INTO `pre_auth_rule` VALUES (9, 3, 3, 123, 'admin/Admin/show', '查看', '', 1, 1, 'admin', '', '', '0', '2019-11-11 14:05:33');
INSERT INTO `pre_auth_rule` VALUES (10, 3, 3, 124, 'admin/Admin/import', '导入Excel', '', 1, 1, 'admin', '', '', '2019-12-12 10:09:13', '2019-11-11 14:08:08');
INSERT INTO `pre_auth_rule` VALUES (11, 2, 2, 130, 'admin/AuthGroup/index', '角色管理', 'layui-icon-spread-left', 1, 1, 'admin', '', '', '2019-11-11 14:10:09', '2019-11-11 14:09:55');
INSERT INTO `pre_auth_rule` VALUES (12, 11, 3, 131, 'admin/AuthGroup/form', '编辑', '', 1, 1, 'admin', '', '', '0', '2019-11-11 14:11:33');
INSERT INTO `pre_auth_rule` VALUES (13, 11, 3, 132, 'admin/AuthGroup/destroy', '删除', '', 1, 1, 'admin', '', '', '0', '2019-11-11 14:12:00');
INSERT INTO `pre_auth_rule` VALUES (14, 11, 3, 133, 'admin/AuthGroup/power', '赋权', '', 1, 1, 'admin', '', '', '0', '2019-11-11 14:12:52');
INSERT INTO `pre_auth_rule` VALUES (15, 0, 1, 200, NULL, '系统设置', 'layui-icon-set-fill', 1, 1, 'admin', '', '', '2019-11-11 14:16:09', '2019-11-11 14:14:55');
INSERT INTO `pre_auth_rule` VALUES (16, 15, 2, 210, 'admin/System/index', '配置管理', 'layui-icon-spread-left', 1, 1, 'admin', '', '', '0', '2019-11-12 17:39:38');
INSERT INTO `pre_auth_rule` VALUES (17, 16, 3, 211, 'admin/System/form', '编辑', '', 1, 1, 'admin', '', '', '0', '2019-11-12 17:43:30');
INSERT INTO `pre_auth_rule` VALUES (18, 2, 2, 140, 'admin/Log/index', '日志管理', 'layui-icon-spread-left', 1, 1, 'admin', '', '', '1576136693', '1970-01-01 08:33:39');
INSERT INTO `pre_auth_rule` VALUES (19, 18, 3, 141, 'admin/Log/destroy', '删除', '', 1, 1, 'admin', '', '', '1576136701', '1970-01-01 08:33:39');

SET FOREIGN_KEY_CHECKS = 1;
